," href"
The Origins of Python,https://www.python-course.eu/python3_history_and_philosophy.php
Starting with Python: The Interactive Shell,https://www.python-course.eu/python3_interactive.php
Executing a Script,https://www.python-course.eu/python3_execute_script.php
Indentation,https://www.python-course.eu/python3_blocks.php
Data Types and Variables,https://www.python-course.eu/python3_variables.php
Operators,https://www.python-course.eu/python3_operators.php
Sequential Data Types: Lists and Strings,https://www.python-course.eu/python3_sequential_data_types.php
List Manipulations,https://www.python-course.eu/python3_list_manipulation.php
Shallow and Deep Copy,https://www.python-course.eu/python3_deep_copy.php
Dictionaries,https://www.python-course.eu/python3_dictionaries.php
Sets and Frozen Sets,https://www.python-course.eu/python3_sets_frozensets.php
An Extensive Example Using Sets,https://www.python-course.eu/python_sets_example.php
input via the keyboard,https://www.python-course.eu/python3_input.php
Conditional Statements,https://www.python-course.eu/python3_conditional_statements.php
"Loops, while Loop",https://www.python-course.eu/python3_loops.php
For Loops,https://www.python-course.eu/python3_for_loop.php
Difference between interators und Iterables,https://www.python-course.eu/python3_iterable_iterator.php
Output with Print,https://www.python-course.eu/python3_print.php
Formatted output with string modulo and the format method,https://www.python-course.eu/python3_formatted_output.php
Functions,https://www.python-course.eu/python3_functions.php
Recursion and Recursive Functions,https://www.python-course.eu/python3_recursive_functions.php
Parameter Passing in Functions,https://www.python-course.eu/python3_passing_arguments.php
Namespaces,https://www.python-course.eu/python3_namespaces.php
Global and Local Variables,https://www.python-course.eu/python3_global_vs_local_variables.php
Decorators,https://www.python-course.eu/python3_decorators.php
Memoization with Decorators,https://www.python-course.eu/python3_memoization.php
Read and Write Files,https://www.python-course.eu/python3_file_management.php
Modular Programming and Modules,https://www.python-course.eu/python3_modules_and_modular_programming.php
Packages in Python,https://www.python-course.eu/python3_packages.php
Regular Expressions,https://www.python-course.eu/python3_re.php
"Regular Expressions, Advanced",https://www.python-course.eu/python3_re_advanced.php
"Lambda Operator, Filter, Reduce and Map",https://www.python-course.eu/python3_lambda.php
List Comprehension,https://www.python-course.eu/python3_list_comprehension.php
Iterators and Generators,https://www.python-course.eu/python3_generators.php
Exception Handling,https://www.python-course.eu/python3_exception_handling.php
"Tests, DocTests, UnitTests",https://www.python-course.eu/python3_tests.php
Object Oriented Programming,https://www.python-course.eu/python3_object_oriented_programming.php
Class and Instance Attributes,https://www.python-course.eu/python3_class_and_instance_attributes.php
Properties vs. getters and setters,https://www.python-course.eu/python3_properties.php
Inheritance,https://www.python-course.eu/python3_inheritance.php
Multiple Inheritance,https://www.python-course.eu/python3_multiple_inheritance.php
Magic Methods and Operator Overloading,https://www.python-course.eu/python3_magic_methods.php
"OOP, Inheritance Example",https://www.python-course.eu/python3_inheritance_example.php
Slots,https://www.python-course.eu/python3_slots.php
Classes and Class Creation,https://www.python-course.eu/python3_classes_and_type.php
Road to Metaclasses,https://www.python-course.eu/python3_road_to_metaclasses.php
Metaclasses,https://www.python-course.eu/python3_metaclasses.php
Metaclass Use Case: Count Function Calls,https://www.python-course.eu/python3_count_function_calls.php
Abstract Classes,https://www.python-course.eu/python3_abstract_classes.php